1;10.012455940246582;20
1;10.012569904327393;20
501;10.017502069473267;20
1001;10.017680644989014;20
1501;10.017716646194458;20
2001;10.017666816711426;20
1;10.012598037719727;20
501;10.017426013946533;20
1001;10.017472743988037;20
1501;10.01749849319458;20
2001;10.017507791519165;20
2501;10.017579078674316;20
3001;10.017587184906006;20
3501;10.017701625823975;20
4001;10.017719507217407;20
4501;10.0177001953125;20
5001;10.017730236053467;20
5501;10.017781019210815;20
6001;10.017889261245728;20
6501;10.017788171768188;20
7001;10.016389608383179;20
7501;10.017698049545288;20
8001;10.01768946647644;20
8501;10.017986536026001;20
9001;10.017755031585693;20
9501;10.017845153808594;20
10001;10.017715454101562;20
10501;10.01799988746643;20
11001;10.017835855484009;20
11501;10.01792597770691;20
12001;10.017842292785645;20
12501;10.01777720451355;20
13001;10.018002033233643;20
13501;10.017926454544067;20
14001;10.017948389053345;20
14501;10.017988443374634;20
15001;10.017930746078491;20
15501;10.01822829246521;20
16001;10.017943382263184;20
16501;10.01796841621399;20
17001;10.017976760864258;20
17501;10.017982721328735;20
18001;10.018079280853271;20
18501;10.01800799369812;20
19001;10.018064975738525;20
19501;10.018155813217163;20
20001;10.018133878707886;20
20501;10.018103122711182;20
21001;10.018065214157104;20
21501;10.01813530921936;20
22001;10.018230438232422;20
22501;10.018205404281616;20
23001;10.010093927383423;20
23501;10.018243074417114;20
24001;10.018169641494751;20
24501;10.018282651901245;20
25001;10.018206357955933;20
25501;10.018263816833496;20
26001;10.018472671508789;20
26501;10.018359661102295;20
27001;10.018396139144897;20
27501;10.018290996551514;20
28001;10.018532276153564;20
28501;10.018336057662964;20
29001;10.018361568450928;20
29501;10.0183265209198;20
30001;10.018522024154663;20
30501;10.018484592437744;20
31001;10.018529176712036;20
31501;10.018574953079224;20
32001;10.018486261367798;20
32501;10.018587350845337;20
33001;10.017192363739014;20
33501;10.018539905548096;20
34001;10.018494367599487;20
34501;10.018544435501099;20
35001;10.01868724822998;20
35501;10.018587350845337;20
36001;10.018616676330566;20
36501;10.01883602142334;20
37001;10.018846988677979;20
37501;10.018779754638672;20
38001;10.01900839805603;20
38501;10.018863677978516;20
39001;10.018925189971924;20
39501;10.019012928009033;20
40001;10.018959045410156;20
40501;10.018936157226562;20
41001;10.019055128097534;20
41501;10.018925666809082;20
42001;10.01900577545166;20
42501;10.019145965576172;20
43001;10.019059181213379;20
43501;10.019002914428711;20
44001;10.019141435623169;20
44501;10.011022567749023;20
45001;10.019136190414429;20
45501;10.019448518753052;20
46001;10.01910924911499;20
46501;10.01936650276184;20
47001;10.01926565170288;20
47501;10.01936388015747;20
48001;10.01944899559021;20
48501;10.019196033477783;20
49001;10.019345998764038;20
49501;10.019372701644897;20
50001;10.0193190574646;20
50501;10.019259691238403;20
51001;10.019439458847046;20
51501;10.019668102264404;20
52001;10.019353866577148;20
52501;10.01945185661316;20
53001;10.01944375038147;20
53501;10.019579648971558;20
54001;10.01959490776062;20
54501;10.019622802734375;20
55001;10.019653558731079;20
55501;10.01952862739563;20
56001;10.019615411758423;20
56501;10.01963758468628;20
57001;10.019615173339844;20
57501;10.019620418548584;20
58001;10.019713640213013;20
58501;10.019599437713623;20
59001;10.019664764404297;20
59501;10.019651174545288;20
60001;10.019665002822876;20
60501;10.019784927368164;20
61001;10.019758701324463;20
61501;10.019847869873047;20
62001;10.019807577133179;20
62501;10.019864797592163;20
63001;10.01978850364685;20
63501;10.019862413406372;20
64001;10.019811630249023;20
64501;10.020126581192017;20
65001;10.019958734512329;20
65501;10.019881248474121;20
66001;10.01992154121399;20
66501;10.020118474960327;20
67001;10.019984245300293;20
67501;10.020145416259766;20
68001;10.020204305648804;20
68501;10.020039558410645;20
69001;10.020120859146118;20
69501;10.020045518875122;20
70001;10.02001404762268;20
70501;10.019988775253296;20
71001;10.019980907440186;20
71501;10.020111083984375;20
72001;10.020048141479492;20
72501;10.02016282081604;20
73001;10.020236492156982;20
73501;10.020199060440063;20
74001;10.020227432250977;20
74501;10.020139932632446;20
75001;10.020169973373413;20
75501;10.020429611206055;20
76001;10.020227193832397;20
76501;10.020207405090332;20
77001;10.020512580871582;20
77501;10.020333051681519;20
78001;10.020336627960205;20
78501;10.020244121551514;20
79001;10.020384311676025;20
79501;10.020305156707764;20
80001;10.020600080490112;20
80501;10.020413637161255;20
81001;10.020605087280273;20
81501;10.020509004592896;20
82001;10.020469188690186;20
82501;10.020647048950195;20
83001;10.020522356033325;20
83501;10.02042031288147;20
84001;10.020586490631104;20
84501;10.020570278167725;20
85001;10.020466327667236;20
85501;10.020548105239868;20
86001;10.020564794540405;20
86501;10.020781517028809;20
87001;10.020634889602661;20
87501;10.020728826522827;20
88001;10.02068305015564;20
88501;10.020877361297607;20
89001;10.020721197128296;20
89501;10.020745754241943;20
90001;10.020777940750122;20
90501;10.020715475082397;20
91001;10.020304679870605;20
91501;10.02078652381897;20
92001;10.020820379257202;20
92501;10.020920038223267;20
93001;10.020928382873535;20
93501;10.020737648010254;20
94001;10.020914793014526;20
94501;10.02086615562439;20
95001;10.02100133895874;20
95501;10.021018505096436;20
96001;10.021054029464722;20
96501;10.020912647247314;20
97001;10.020958423614502;20
97501;10.021003484725952;20
98001;10.020950555801392;20
98501;10.020925521850586;20
99001;10.021114826202393;20
99501;10.021004915237427;20
100001;10.021163940429688;20
100501;10.021129846572876;20
101001;10.021125793457031;20
101501;10.021155834197998;20
102001;10.02119755744934;20
102501;10.021162033081055;20
103001;10.021281719207764;20
103501;10.021437644958496;20
104001;10.02122187614441;20
104501;10.021233081817627;20
105001;10.021246671676636;20
105501;10.021229267120361;20
106001;10.02158236503601;20
106501;10.021314859390259;20
107001;10.021450281143188;20
107501;10.021292209625244;20
108001;10.021442890167236;20
108501;10.021414279937744;20
109001;10.021480560302734;20
109501;10.019815444946289;20
110001;10.021547555923462;20
110501;10.021382093429565;20
111001;10.021549940109253;20
111501;10.021587371826172;20
112001;10.021677017211914;20
112501;10.021609783172607;20
113001;10.021561622619629;20
113501;10.021714687347412;20
114001;10.021687984466553;20
114501;10.021696090698242;20
115001;10.021628618240356;20
115501;10.02162480354309;20
116001;10.021708726882935;20
116501;10.021740913391113;20
117001;10.021601915359497;20
117501;10.02180004119873;20
118001;10.02178168296814;20
118501;10.021716117858887;20
119001;10.021592617034912;20
119501;10.021737337112427;20
120001;10.021916389465332;20
120501;10.021785020828247;20
121001;10.02177882194519;20
121501;10.021930932998657;20
122001;10.021967887878418;20
122501;10.022019624710083;20
123001;10.022088766098022;20
123501;10.022054672241211;20
124001;10.022056341171265;20
124501;10.022055864334106;20
125001;10.022011041641235;20
125501;10.022092342376709;20
126001;10.022045373916626;20
126501;10.021981239318848;20
127001;10.022262811660767;20
127501;10.022263526916504;20
128001;10.022160530090332;20
128501;10.022205829620361;20
129001;10.022125720977783;20
129501;10.022217273712158;20
130001;10.022352695465088;20
130501;10.022170782089233;20
131001;10.022250652313232;20
131501;10.02213978767395;20
132001;10.022206544876099;20
132501;10.02222466468811;20
133001;10.022198915481567;20
133501;10.022396564483643;20
134001;10.022404432296753;20
134501;10.022297382354736;20
135001;10.022353410720825;20
135501;10.022327423095703;20
136001;10.022343873977661;20
136501;10.022322177886963;20
137001;10.022363185882568;20
137501;10.022351026535034;20
138001;10.022526025772095;20
138501;10.022478342056274;20
139001;10.0225191116333;20
139501;10.02246356010437;20
140001;10.018525123596191;20
140501;10.022527694702148;20
141001;10.022544384002686;20
141501;10.022556781768799;20
142001;10.022643089294434;20
142501;10.022544860839844;20
143001;10.022622108459473;20
143501;10.02277398109436;20
144001;10.022714614868164;20
144501;10.022735357284546;20
145001;10.02272653579712;20
145501;10.02278733253479;20
146001;10.022786617279053;20
146501;10.022756338119507;20
147001;10.022768020629883;20
147501;10.022878646850586;20
148001;10.02274775505066;20
148501;10.022923469543457;20
149001;10.022883892059326;20
149501;10.022746801376343;20
150001;10.022926330566406;20
150501;10.022783517837524;20
151001;10.023068189620972;20
151501;10.022979736328125;20
152001;10.022963285446167;20
152501;10.022984981536865;20
153001;10.0170738697052;20
153501;10.023086309432983;20
154001;10.022932767868042;20
154501;10.022911310195923;20
155001;10.023032665252686;20
155501;10.02317476272583;20
156001;10.023174285888672;20
156501;10.023117303848267;20
157001;10.023191452026367;20
157501;10.023298263549805;20
158001;10.023103952407837;20
158501;10.023408889770508;20
159001;10.023337841033936;20
159501;10.023425102233887;20
160001;10.023352146148682;20
160501;10.023235321044922;20
161001;10.023325443267822;20
161501;10.023337841033936;20
162001;10.023349523544312;20
162501;10.023279190063477;20
163001;10.02326488494873;20
163501;10.023334980010986;20
164001;10.023375988006592;20
164501;10.023538589477539;20
165001;10.023497819900513;20
165501;10.023543119430542;20
166001;10.02341890335083;20
166501;10.023458003997803;20
167001;10.023488521575928;20
167501;10.023651838302612;20
168001;10.02369475364685;20
168501;10.023564577102661;20
169001;10.02353310585022;20
169501;10.023610353469849;20
170001;10.02356243133545;20
170501;10.015529155731201;20
171001;10.023640632629395;20
171501;10.023617267608643;20
172001;10.02378797531128;20
172501;10.023826122283936;20
173001;10.023797512054443;20
173501;10.023801803588867;20
174001;10.023719549179077;20
174501;10.024006605148315;20
175001;10.023783922195435;20
175501;10.023812055587769;20
176001;10.023839473724365;20
176501;10.023794174194336;20
177001;10.023874044418335;20
177501;10.023857116699219;20
178001;10.023953199386597;20
178501;10.02405571937561;20
179001;10.023838996887207;20
179501;10.023911237716675;20
180001;10.023921966552734;20
180501;10.024041652679443;20
181001;10.023837804794312;20
181501;10.023916482925415;20
182001;10.024025678634644;20
182501;10.02400827407837;20
183001;10.02396821975708;20
183501;10.024054288864136;20
184001;10.024101495742798;20
184501;10.024044752120972;20
185001;10.024171829223633;20
185501;10.024221897125244;20
186001;10.024070739746094;20
186501;10.024193048477173;20
187001;10.02413558959961;20
187501;10.024141788482666;20
188001;10.024134635925293;20
188501;10.024253368377686;20
189001;10.024251937866211;20
189501;10.024284839630127;20
190001;10.024265050888062;20
190501;10.024356365203857;20
191001;10.024258613586426;20
191501;10.024413347244263;20
192001;10.024274110794067;20
192501;10.024279356002808;20
1;0.002913951873779297;20
501;0.007283449172973633;20
1001;0.007262468338012695;20
1501;0.0073108673095703125;20
2001;0.007325887680053711;20
2501;0.007345438003540039;20
3001;0.00742030143737793;20
3501;0.007386445999145508;20
4001;0.007548332214355469;20
4501;0.007395267486572266;20
5001;0.007470607757568359;20
5501;0.007495880126953125;20
6001;0.007538557052612305;20
6501;0.007590055465698242;20
7001;0.00744175910949707;20
7501;0.007537364959716797;20
8001;0.007682085037231445;20
8501;0.007580757141113281;20
9001;0.007558584213256836;20
9501;0.007560253143310547;20
10001;0.007559537887573242;20
10501;0.007611989974975586;20
11001;0.007643222808837891;20
11501;0.007589817047119141;20
12001;0.007645130157470703;20
12501;0.0076406002044677734;20
13001;0.007599830627441406;20
13501;0.007841110229492188;20
14001;0.007673501968383789;20
14501;0.007715463638305664;20
15001;0.007668018341064453;20
15501;0.007727384567260742;20
16001;0.007751941680908203;20
16501;0.007803201675415039;20
17001;0.007802724838256836;20
17501;0.007781267166137695;20
18001;0.007749080657958984;20
18501;0.007795810699462891;20
19001;0.0078125;20
19501;0.007870674133300781;20
20001;0.007854461669921875;20
20501;0.00789499282836914;20
21001;0.007892847061157227;20
21501;0.007904052734375;20
22001;0.007926702499389648;20
22501;0.007908344268798828;20
23001;0.008081436157226562;20
23501;0.008130073547363281;20
24001;0.007993459701538086;20
24501;0.007985591888427734;20
25001;0.008006811141967773;20
25501;0.008035898208618164;20
26001;0.008014678955078125;20
26501;0.00805354118347168;20
27001;0.008115053176879883;20
27501;0.008147954940795898;20
28001;0.00808405876159668;20
28501;0.008169412612915039;20
29001;0.008184432983398438;20
29501;0.008161544799804688;20
30001;0.008181095123291016;20
30501;0.008196353912353516;20
31001;0.008213281631469727;20
31501;0.008246660232543945;20
32001;0.008263587951660156;20
32501;0.008203983306884766;20
33001;0.008283138275146484;20
33501;0.008383512496948242;20
34001;0.008316516876220703;20
34501;0.008414506912231445;20
35001;0.008407354354858398;20
35501;0.008478164672851562;20
36001;0.008456707000732422;20
36501;0.008482933044433594;20
37001;0.008466005325317383;20
37501;0.008523941040039062;20
38001;0.008521080017089844;20
38501;0.008751153945922852;20
39001;0.008681535720825195;20
39501;0.008621692657470703;20
40001;0.008820295333862305;20
40501;0.008657693862915039;20
41001;0.008710622787475586;20
41501;0.008753299713134766;20
42001;0.008827447891235352;20
42501;0.0087738037109375;20
43001;0.008875370025634766;20
43501;0.008900165557861328;20
44001;0.008842229843139648;20
44501;0.00887918472290039;20
45001;0.008923053741455078;20
45501;0.008952856063842773;20
46001;0.008946895599365234;20
46501;0.008994340896606445;20
47001;0.009036779403686523;20
47501;0.009049654006958008;20
48001;0.009011030197143555;20
48501;0.00913858413696289;20
49001;0.009039640426635742;20
49501;0.00907278060913086;20
50001;0.009176254272460938;20
50501;0.009172201156616211;20
51001;0.009236812591552734;20
51501;0.009131908416748047;20
52001;0.00917196273803711;20
52501;0.009233951568603516;20
53001;0.009251117706298828;20
53501;0.009241342544555664;20
54001;0.009197235107421875;20
54501;0.009392261505126953;20
55001;0.009264469146728516;20
55501;0.009261131286621094;20
56001;0.00935220718383789;20
56501;0.009422540664672852;20
57001;0.009458541870117188;20
57501;0.00946187973022461;20
58001;0.009459733963012695;20
58501;0.00944972038269043;20
59001;0.00947260856628418;20
59501;0.009456872940063477;20
60001;0.009433984756469727;20
60501;0.009455204010009766;20
61001;0.009475946426391602;20
61501;0.009542703628540039;20
62001;0.009525299072265625;20
62501;0.009563207626342773;20
63001;0.009535074234008789;20
63501;0.009601831436157227;20
64001;0.009592294692993164;20
64501;0.00966024398803711;20
65001;0.00968027114868164;20
65501;0.00986933708190918;20
66001;0.009643316268920898;20
66501;0.009651899337768555;20
67001;0.009712457656860352;20
67501;0.009660720825195312;20
68001;0.009640216827392578;20
68501;0.009729146957397461;20
69001;0.009709358215332031;20
69501;0.009768247604370117;20
70001;0.009814262390136719;20
70501;0.009885072708129883;20
71001;0.009795188903808594;20
71501;0.009836196899414062;20
72001;0.00982522964477539;20
72501;0.00984954833984375;20
73001;0.009982585906982422;20
73501;0.009878158569335938;20
74001;0.009985923767089844;20
74501;0.009961366653442383;20
75001;0.009946346282958984;20
75501;0.009970664978027344;20
76001;0.01001739501953125;20
76501;0.009988784790039062;20
77001;0.010041475296020508;20
77501;0.009961605072021484;20
78001;0.010056257247924805;20
78501;0.010095596313476562;20
79001;0.010242223739624023;20
79501;0.010162115097045898;20
80001;0.01012420654296875;20
80501;0.01015162467956543;20
81001;0.010185718536376953;20
81501;0.01025080680847168;20
82001;0.010175466537475586;20
82501;0.010218381881713867;20
83001;0.01026153564453125;20
83501;0.010196924209594727;20
84001;0.01030278205871582;20
84501;0.010248184204101562;20
85001;0.010355949401855469;20
85501;0.010327339172363281;20
86001;0.010397195816040039;20
86501;0.010306596755981445;20
87001;0.010421037673950195;20
87501;0.010375738143920898;20
88001;0.010346651077270508;20
88501;0.010434865951538086;20
89001;0.01046609878540039;20
89501;0.01039433479309082;20
90001;0.010465145111083984;20
90501;0.010575294494628906;20
91001;0.010519266128540039;20
91501;0.010701179504394531;20
92001;0.010561704635620117;20
92501;0.010555028915405273;20
93001;0.01065826416015625;20
93501;0.01057887077331543;20
94001;0.010615825653076172;20
94501;0.01064157485961914;20
95001;0.010617256164550781;20
95501;0.010741233825683594;20
96001;0.010725975036621094;20
96501;0.010708093643188477;20
97001;0.01071310043334961;20
97501;0.01074671745300293;20
98001;0.010801553726196289;20
98501;0.010783195495605469;20
99001;0.01081395149230957;20
99501;0.01078939437866211;20
100001;0.010793924331665039;20
100501;0.010840654373168945;20
101001;0.010852575302124023;20
101501;0.010930776596069336;20
102001;0.010879039764404297;20
102501;0.010938167572021484;20
103001;0.010878562927246094;20
103501;0.011045694351196289;20
104001;0.011188983917236328;20
104501;0.011041879653930664;20
105001;0.011019706726074219;20
105501;0.011044025421142578;20
106001;0.011086225509643555;20
106501;0.011051177978515625;20
107001;0.011086225509643555;20
107501;0.011130094528198242;20
108001;0.011127948760986328;20
108501;0.011228322982788086;20
109001;0.011133193969726562;20
109501;0.011193037033081055;20
110001;0.01118922233581543;20
110501;0.011180877685546875;20
111001;0.011206388473510742;20
111501;0.011239767074584961;20
112001;0.011291742324829102;20
112501;0.011327981948852539;20
113001;0.011298656463623047;20
113501;0.011322021484375;20
114001;0.011421680450439453;20
114501;0.011384725570678711;20
115001;0.011482954025268555;20
115501;0.011394262313842773;20
116001;0.011421918869018555;20
116501;0.011444091796875;20
117001;0.011469364166259766;20
117501;0.011432647705078125;20
118001;0.011489391326904297;20
118501;0.011585474014282227;20
119001;0.011502504348754883;20
119501;0.011525154113769531;20
120001;0.01174616813659668;20
120501;0.011646270751953125;20
121001;0.011609077453613281;20
121501;0.011600732803344727;20
122001;0.01161956787109375;20
122501;0.011675357818603516;20
123001;0.011627912521362305;20
123501;0.011718034744262695;20
124001;0.011724233627319336;20
124501;0.011687755584716797;20
125001;0.01174473762512207;20
125501;0.011730670928955078;20
126001;0.01181936264038086;20
126501;0.011818408966064453;20
127001;0.011838197708129883;20
127501;0.011888980865478516;20
128001;0.011859416961669922;20
128501;0.01184391975402832;20
129001;0.01189112663269043;20
129501;0.011915922164916992;20
130001;0.011948108673095703;20
130501;0.011894464492797852;20
131001;0.012029886245727539;20
131501;0.011919736862182617;20
132001;0.012030363082885742;20
132501;0.012010574340820312;20
133001;0.012009620666503906;20
133501;0.011963129043579102;20
134001;0.012061595916748047;20
134501;0.012007474899291992;20
135001;0.012092351913452148;20
135501;0.012242794036865234;20
136001;0.01210165023803711;20
136501;0.012322664260864258;20
137001;0.012331008911132812;20
137501;0.012182474136352539;20
138001;0.012095212936401367;20
138501;0.012238502502441406;20
139001;0.012227058410644531;20
139501;0.01230478286743164;20
140001;0.012205839157104492;20
140501;0.012304544448852539;20
141001;0.012258529663085938;20
141501;0.012299060821533203;20
142001;0.012290477752685547;20
142501;0.012510299682617188;20
143001;0.012426376342773438;20
143501;0.012386083602905273;20
144001;0.012433052062988281;20
144501;0.012371063232421875;20
145001;0.012443780899047852;20
145501;0.012430429458618164;20
146001;0.01250147819519043;20
146501;0.012579679489135742;20
147001;0.012515068054199219;20
147501;0.01243734359741211;20
148001;0.0125274658203125;20
148501;0.012529134750366211;20
149001;0.01255345344543457;20
149501;0.01257777214050293;20
150001;0.012568473815917969;20
150501;0.012562990188598633;20
151001;0.012610912322998047;20
151501;0.012592792510986328;20
152001;0.01260066032409668;20
152501;0.012618064880371094;20
153001;0.012694597244262695;20
153501;0.012722969055175781;20
154001;0.012716054916381836;20
154501;0.012784481048583984;20
155001;0.012729644775390625;20
155501;0.01281595230102539;20
156001;0.012800455093383789;20
156501;0.012778282165527344;20
157001;0.01280665397644043;20
157501;0.012826919555664062;20
158001;0.012843132019042969;20
158501;0.012873649597167969;20
159001;0.012887716293334961;20
159501;0.012922048568725586;20
160001;0.012879133224487305;20
160501;0.012968063354492188;20
161001;0.012986421585083008;20
161501;0.012965202331542969;20
162001;0.012993335723876953;20
162501;0.01304006576538086;20
163001;0.013089418411254883;20
163501;0.013033866882324219;20
164001;0.01317453384399414;20
164501;0.013169050216674805;20
165001;0.013149738311767578;20
165501;0.013183116912841797;20
166001;0.013207197189331055;20
166501;0.013243675231933594;20
167001;0.01324319839477539;20
167501;0.01330876350402832;20
168001;0.013309240341186523;20
168501;0.013385772705078125;20
169001;0.013304471969604492;20
169501;0.013307571411132812;20
170001;0.013366460800170898;20
170501;0.013421297073364258;20
171001;0.013436079025268555;20
171501;0.013465404510498047;20
172001;0.013451576232910156;20
172501;0.013463020324707031;20
173001;0.013433218002319336;20
173501;0.013453960418701172;20
174001;0.013461112976074219;20
174501;0.013524293899536133;20
175001;0.013622283935546875;20
175501;0.013533353805541992;20
176001;0.013619422912597656;20
176501;0.013574838638305664;20
177001;0.013628244400024414;20
177501;0.013591527938842773;20
178001;0.013677358627319336;20
178501;0.013686180114746094;20
179001;0.013768434524536133;20
179501;0.013756036758422852;20
180001;0.013814449310302734;20
180501;0.013616800308227539;20
181001;0.01362919807434082;20
181501;0.013753890991210938;20
182001;0.01370382308959961;20
182501;0.01377558708190918;20
183001;0.013770818710327148;20
183501;0.013732194900512695;20
184001;0.013744592666625977;20
184501;0.01383066177368164;20
185001;0.01382589340209961;20
185501;0.013915777206420898;20
186001;0.01392054557800293;20
186501;0.013903617858886719;20
187001;0.013879060745239258;20
187501;0.013863325119018555;20
188001;0.013847112655639648;20
188501;0.013902425765991211;20
189001;0.013988256454467773;20
189501;0.01393580436706543;20
190001;0.014048337936401367;20
190501;0.01414632797241211;20
191001;0.014139652252197266;20
191501;0.014030694961547852;20
192001;0.014221668243408203;20
192501;0.014110803604125977;20
193001;0.01405954360961914;20
193501;0.014156103134155273;20
194001;0.014168739318847656;20
194501;0.014177799224853516;20
195001;0.014095544815063477;20
195501;0.014169454574584961;20
196001;0.014212369918823242;20
196501;0.014156818389892578;20
197001;0.014217376708984375;20
197501;0.014308929443359375;20
198001;0.014296531677246094;20
198501;0.014214038848876953;20
199001;0.014312505722045898;20
199501;0.014369964599609375;20
200001;0.014336347579956055;20
200501;0.01431584358215332;20
201001;0.014333486557006836;20
201501;0.014426708221435547;20
202001;0.014567852020263672;20
202501;0.014470815658569336;20
203001;0.01455831527709961;20
203501;0.014461994171142578;20
204001;0.014469385147094727;20
204501;0.01455831527709961;20
205001;0.014523744583129883;20
205501;0.014570236206054688;20
206001;0.014562845230102539;20
206501;0.014575958251953125;20
207001;0.014589548110961914;20
207501;0.014628887176513672;20
208001;0.01475214958190918;20
208501;0.0146942138671875;20
209001;0.014834165573120117;20
209501;0.0146484375;20
210001;0.014624834060668945;20
210501;0.014889001846313477;20
211001;0.014731645584106445;20
211501;0.014748573303222656;20
212001;0.01476287841796875;20
212501;0.014780044555664062;20
213001;0.014910221099853516;20
213501;0.014890432357788086;20
214001;0.014873027801513672;20
214501;0.01491403579711914;20
215001;0.014982461929321289;20
215501;0.014969348907470703;20
216001;0.014993667602539062;20
216501;0.014982461929321289;20
217001;0.015016555786132812;20
217501;0.015030145645141602;20
218001;0.01511526107788086;20
218501;0.015099287033081055;20
219001;0.015104055404663086;20
219501;0.015146493911743164;20
220001;0.015125036239624023;20
220501;0.01513814926147461;20
221001;0.01523447036743164;20
221501;0.015265703201293945;20
222001;0.015232563018798828;20
222501;0.015247583389282227;20
223001;0.015228033065795898;20
223501;0.015224218368530273;20
224001;0.015263557434082031;20
224501;0.015334606170654297;20
225001;0.015394926071166992;20
225501;0.015421152114868164;20
226001;0.01532745361328125;20
226501;0.015386343002319336;20
227001;0.01542210578918457;20
227501;0.015424966812133789;20
228001;0.015429258346557617;20
228501;0.015474319458007812;20
229001;0.015502452850341797;20
229501;0.015441656112670898;20
230001;0.015434980392456055;20
230501;0.015432119369506836;20
231001;0.01559305191040039;20
231501;0.015477895736694336;20
232001;0.015473604202270508;20
232501;0.015514850616455078;20
233001;0.015494108200073242;20
233501;0.015504121780395508;20
234001;0.015533447265625;20
234501;0.01558065414428711;20
235001;0.015695571899414062;20
235501;0.015613317489624023;20
236001;0.015572547912597656;20
236501;0.015602588653564453;20
237001;0.015588045120239258;20
237501;0.015641450881958008;20
238001;0.015745878219604492;20
238501;0.01570749282836914;20
239001;0.015668869018554688;20
239501;0.015767574310302734;20
240001;0.015819787979125977;20
240501;0.015739917755126953;20
241001;0.01585865020751953;20
241501;0.015770673751831055;20
242001;0.015799999237060547;20
242501;0.01581597328186035;20
243001;0.015894651412963867;20
243501;0.02102184295654297;20
244001;0.015906810760498047;20
244501;0.015904664993286133;20
245001;0.01592278480529785;20
245501;0.0159604549407959;20
246001;0.01595163345336914;20
246501;0.015928983688354492;20
247001;0.0158693790435791;20
247501;0.016007184982299805;20
248001;0.015938282012939453;20
248501;0.016021728515625;20
249001;0.01600480079650879;20
249501;0.016026020050048828;20
250001;0.016096830368041992;20
250501;0.016204118728637695;20
251001;0.016147136688232422;20
251501;0.0161130428314209;20
252001;0.016110658645629883;20
252501;0.016102313995361328;20
253001;0.016190528869628906;20
253501;0.01616954803466797;20
254001;0.016219615936279297;20
254501;0.016237974166870117;20
255001;0.016185522079467773;20
255501;0.016283273696899414;20
256001;0.016244888305664062;20
256501;0.01624464988708496;20
257001;0.016386032104492188;20
257501;0.01633429527282715;20
258001;0.016399145126342773;20
258501;0.01636195182800293;20
259001;0.01641988754272461;20
259501;0.01638627052307129;20
260001;0.016387224197387695;20
260501;0.01638960838317871;20
261001;0.016594648361206055;20
261501;0.016474246978759766;20
262001;0.01653265953063965;20
262501;0.016742706298828125;20
263001;0.016661405563354492;20
263501;0.01668715476989746;20
264001;0.016813278198242188;20
264501;0.01670074462890625;20
265001;0.01669788360595703;20
265501;0.01670241355895996;20
266001;0.016794204711914062;20
266501;0.016820907592773438;20
267001;0.016792774200439453;20
267501;0.016796350479125977;20
268001;0.016895055770874023;20
268501;0.01686716079711914;20
269001;0.016875028610229492;20
269501;0.016854286193847656;20
270001;0.017014265060424805;20
270501;0.01694035530090332;20
271001;0.01689887046813965;20
271501;0.016921281814575195;20
272001;0.017014503479003906;20
272501;0.01699972152709961;20
273001;0.017014503479003906;20
273501;0.017234325408935547;20
274001;0.017052650451660156;20
274501;0.01709914207458496;20
275001;0.01704239845275879;20
275501;0.017127037048339844;20
276001;0.017088890075683594;20
276501;0.017139673233032227;20
277001;0.017098426818847656;20
277501;0.01713252067565918;20
278001;0.017191410064697266;20
278501;0.017208576202392578;20
279001;0.017123937606811523;20
279501;0.017139196395874023;20
280001;0.017172813415527344;20
280501;0.017184972763061523;20
281001;0.01728510856628418;20
281501;0.01721477508544922;20
282001;0.0171964168548584;20
282501;0.017249107360839844;20
283001;0.017234325408935547;20
283501;0.017318248748779297;20
284001;0.017338037490844727;20
284501;0.017360925674438477;20
285001;0.017361879348754883;20
285501;0.017382144927978516;20
286001;0.0173952579498291;20
286501;0.01738142967224121;20
287001;0.0174560546875;20
287501;0.017551422119140625;20
288001;0.01750659942626953;20
288501;0.017484664916992188;20
289001;0.01751089096069336;20
289501;0.017635822296142578;20
290001;0.01749134063720703;20
290501;0.017484664916992188;20
291001;0.017572879791259766;20
291501;0.017549991607666016;20
292001;0.01757025718688965;20
292501;0.01769423484802246;20
293001;0.01755547523498535;20
293501;0.017612457275390625;20
294001;0.0176546573638916;20
294501;0.01767277717590332;20
295001;0.01760077476501465;20
295501;0.01766657829284668;20
296001;0.017711877822875977;20
296501;0.017720699310302734;20
297001;0.017787933349609375;20
297501;0.017775297164916992;20
298001;0.01778101921081543;20
298501;0.01775646209716797;20
299001;0.017786026000976562;20
299501;0.017952442169189453;20
300001;0.0177609920501709;20
300501;0.01801443099975586;20
301001;0.017835378646850586;20
301501;0.017878055572509766;20
302001;0.01789546012878418;20
302501;0.017885923385620117;20
303001;0.01791071891784668;20
303501;0.017867565155029297;20
304001;0.018050432205200195;20
304501;0.01813197135925293;20
305001;0.018018007278442383;20
305501;0.018079757690429688;20
306001;0.01809406280517578;20
306501;0.018022537231445312;20
307001;0.01810169219970703;20
307501;0.018111228942871094;20
308001;0.018155813217163086;20
308501;0.018186569213867188;20
309001;0.01818370819091797;20
309501;0.018279552459716797;20
310001;0.018167972564697266;20
310501;0.01825714111328125;20
311001;0.018210411071777344;20
311501;0.018474578857421875;20
312001;0.01845693588256836;20
312501;0.018535137176513672;20
313001;0.018468856811523438;20
313501;0.018442630767822266;20
314001;0.018593311309814453;20
314501;0.018492698669433594;20
315001;0.01855182647705078;20
315501;0.018622636795043945;20
316001;0.018611669540405273;20
316501;0.018594980239868164;20
317001;0.018566370010375977;20
317501;0.018585920333862305;20
318001;0.018750905990600586;20
318501;0.01858973503112793;20
319001;0.01873183250427246;20
319501;0.018648624420166016;20
320001;0.018700361251831055;20
320501;0.018672466278076172;20
321001;0.018725872039794922;20
321501;0.018818378448486328;20
322001;0.01882648468017578;20
322501;0.018765687942504883;20
323001;0.01880359649658203;20
323501;0.01883244514465332;20
324001;0.0188138484954834;20
324501;0.018869876861572266;20
325001;0.018848896026611328;20
325501;0.018926382064819336;20
326001;0.018892526626586914;20
326501;0.01892256736755371;20
327001;0.019006729125976562;20
327501;0.018920421600341797;20
328001;0.018848657608032227;20
328501;0.018787622451782227;20
329001;0.018822193145751953;20
329501;0.018833160400390625;20
330001;0.018914461135864258;20
330501;0.0188448429107666;20
331001;0.01906561851501465;20
331501;0.018845319747924805;20
332001;0.01894235610961914;20
332501;0.019122600555419922;20
333001;0.018946170806884766;20
333501;0.01906895637512207;20
334001;0.019101858139038086;20
334501;0.019071102142333984;20
335001;0.01904296875;20
335501;0.019007444381713867;20
336001;0.01909017562866211;20
336501;0.019048690795898438;20
337001;0.01916217803955078;20
337501;0.01917290687561035;20
338001;0.019217967987060547;20
338501;0.019161224365234375;20
339001;0.019234180450439453;20
339501;0.019188880920410156;20
340001;0.01919388771057129;20
340501;0.019216537475585938;20
341001;0.019282102584838867;20
341501;0.019201040267944336;20
342001;0.019295692443847656;20
342501;0.019316673278808594;20
343001;0.019307851791381836;20
343501;0.019354581832885742;20
344001;0.0193634033203125;20
344501;0.019411802291870117;20
345001;0.019431352615356445;20
345501;0.01951909065246582;20
346001;0.019411802291870117;20
346501;0.019461631774902344;20
347001;0.019519329071044922;20
347501;0.01950979232788086;20
348001;0.019482135772705078;20
348501;0.019487857818603516;20
349001;0.01960134506225586;20
349501;0.01959848403930664;20
350001;0.019629955291748047;20
350501;0.019585132598876953;20
351001;0.01960277557373047;20
351501;0.01968550682067871;20
352001;0.01963186264038086;20
352501;0.019635438919067383;20
353001;0.019678354263305664;20
353501;0.01969742774963379;20
354001;0.019682645797729492;20
354501;0.01972365379333496;20
355001;0.019704103469848633;20
355501;0.01975393295288086;20
356001;0.019773006439208984;20
356501;0.019919633865356445;20
357001;0.019791126251220703;20
357501;0.019791126251220703;20
358001;0.019803285598754883;20
358501;0.019931793212890625;20
359001;0.019885540008544922;20
359501;0.019870281219482422;20
360001;0.019897937774658203;20
360501;0.020128965377807617;20
361001;0.02014017105102539;20
361501;0.02015209197998047;20
362001;0.02020406723022461;20
362501;0.02018570899963379;20
363001;0.02021646499633789;20
363501;0.02020883560180664;20
364001;0.020246028900146484;20
364501;0.02028489112854004;20
365001;0.02027297019958496;20
365501;0.02023601531982422;20
366001;0.020282745361328125;20
366501;0.02035212516784668;20
367001;0.020311355590820312;20
367501;0.020303010940551758;20
368001;0.020406723022460938;20
368501;0.02037644386291504;20
369001;0.02039933204650879;20
369501;0.02047443389892578;20
370001;0.02049088478088379;20
370501;0.0204622745513916;20
371001;0.020650863647460938;20
371501;0.02055048942565918;20
372001;0.02057337760925293;20
372501;0.020557641983032227;20
373001;0.020591259002685547;20
373501;0.02060103416442871;20
374001;0.02066969871520996;20
374501;0.02078843116760254;20
375001;0.020700454711914062;20
375501;0.020717620849609375;20
376001;0.020671606063842773;20
376501;0.020756244659423828;20
377001;0.020592927932739258;20
377501;0.02055978775024414;20
378001;0.020580053329467773;20
378501;0.02068352699279785;20
379001;0.020612001419067383;20
379501;0.02063298225402832;20
380001;0.02068042755126953;20
380501;0.02073359489440918;20
381001;0.020723342895507812;20
381501;0.020663022994995117;20
382001;0.020754098892211914;20
382501;0.020740747451782227;20
383001;0.020736217498779297;20
383501;0.020786762237548828;20
384001;0.020780086517333984;20
384501;0.020976781845092773;20
385001;0.02079319953918457;20
385501;0.020840883255004883;20
386001;0.020869016647338867;20
386501;0.02094244956970215;20
387001;0.020925045013427734;20
387501;0.021021604537963867;20
388001;0.02093195915222168;20
388501;0.02094435691833496;20
389001;0.02103137969970703;20
389501;0.02103400230407715;20
390001;0.02101421356201172;20
390501;0.021188735961914062;20
391001;0.021070003509521484;20
391501;0.021023273468017578;20
392001;0.02115631103515625;20
392501;0.021145343780517578;20
393001;0.021233081817626953;20
393501;0.021091461181640625;20
394001;0.021091222763061523;20
394501;0.021066665649414062;20
395001;0.021064281463623047;20
395501;0.021191120147705078;20
396001;0.021158456802368164;20
396501;0.021173477172851562;20
397001;0.021236419677734375;20
397501;0.02115154266357422;20
398001;0.021190643310546875;20
398501;0.021271467208862305;20
399001;0.021329164505004883;20
399501;0.02128911018371582;20
400001;0.021277427673339844;20
400501;0.021309852600097656;20
401001;0.021317243576049805;20
401501;0.021364450454711914;20
402001;0.021330833435058594;20
402501;0.02142786979675293;20
403001;0.021410226821899414;20
403501;0.0214078426361084;20
404001;0.021414756774902344;20
404501;0.021425724029541016;20
405001;0.0216524600982666;20
405501;0.021446704864501953;20
406001;0.0215609073638916;20
406501;0.021556377410888672;20
407001;0.021516084671020508;20
407501;0.021608591079711914;20
408001;0.021571874618530273;20
408501;0.021589279174804688;20
409001;0.02165055274963379;20
409501;0.021834135055541992;20
410001;0.02183389663696289;20
410501;0.02198505401611328;20
411001;0.021883487701416016;20
411501;0.021912336349487305;20
412001;0.02196955680847168;20
412501;0.02196049690246582;20
413001;0.022132158279418945;20
413501;0.022021770477294922;20
414001;0.021957874298095703;20
414501;0.022086381912231445;20
415001;0.022208213806152344;20
415501;0.022080421447753906;20
416001;0.022092103958129883;20
416501;0.02218914031982422;20
417001;0.022113561630249023;20
417501;0.022145748138427734;20
418001;0.022185325622558594;20
418501;0.022254228591918945;20
419001;0.022183656692504883;20
419501;0.022140979766845703;20
420001;0.022269487380981445;20
420501;0.022430896759033203;20
421001;0.022237777709960938;20
421501;0.022277116775512695;20
422001;0.022349119186401367;20
422501;0.022313356399536133;20
423001;0.022536516189575195;20
423501;0.0223848819732666;20
424001;0.02248835563659668;20
424501;0.02244424819946289;20
425001;0.022446155548095703;20
425501;0.02239060401916504;20
426001;0.022282838821411133;20
426501;0.022312641143798828;20
427001;0.02222275733947754;20
427501;0.02227187156677246;20
428001;0.02239084243774414;20
428501;0.02236032485961914;20
429001;0.022350788116455078;20
429501;0.022319555282592773;20
430001;0.022414445877075195;20
430501;0.022400856018066406;20
431001;0.022406816482543945;20
431501;0.022478342056274414;20
432001;0.022466182708740234;20
432501;0.022409915924072266;20
433001;0.022483110427856445;20
433501;0.022476673126220703;20
434001;0.0225064754486084;20
434501;0.022490739822387695;20
435001;0.022536754608154297;20
435501;0.022580623626708984;20
436001;0.02258133888244629;20
436501;0.022596120834350586;20
437001;0.02263474464416504;20
437501;0.022626161575317383;20
438001;0.022645950317382812;20
438501;0.02268385887145996;20
439001;0.022687911987304688;20
439501;0.022623538970947266;20
440001;0.02273106575012207;20
440501;0.022698402404785156;20
441001;0.02278280258178711;20
441501;0.022829294204711914;20
442001;0.022821426391601562;20
442501;0.022803068161010742;20
443001;0.022790193557739258;20
443501;0.02285170555114746;20
444001;0.022830963134765625;20
444501;0.022867918014526367;20
445001;0.02302861213684082;20
445501;0.022946834564208984;20
446001;0.022875070571899414;20
446501;0.022804975509643555;20
447001;0.023142099380493164;20
447501;0.02295398712158203;20
448001;0.023057937622070312;20
448501;0.022954940795898438;20
449001;0.022996902465820312;20
449501;0.02297377586364746;20
450001;0.02303004264831543;20
450501;0.023079395294189453;20
451001;0.023077726364135742;20
451501;0.023117542266845703;20
452001;0.02310490608215332;20
452501;0.02306509017944336;20
453001;0.02318572998046875;20
453501;0.023095130920410156;20
454001;0.02329421043395996;20
454501;0.023232460021972656;20
455001;0.023251771926879883;20
455501;0.02335643768310547;20
456001;0.02414703369140625;20
456501;0.023255348205566406;20
457001;0.023392438888549805;20
457501;0.023427724838256836;20
458001;0.023362159729003906;20
458501;0.023322343826293945;20
459001;0.023556232452392578;20
459501;0.023597240447998047;20
460001;0.023655414581298828;20
460501;0.0236051082611084;20
461001;0.02368927001953125;20
461501;0.023739099502563477;20
462001;0.023678064346313477;20
462501;0.023765087127685547;20
463001;0.023725032806396484;20
463501;0.023717880249023438;20
464001;0.02376842498779297;20
464501;0.023823261260986328;20
465001;0.02389359474182129;20
465501;0.023852825164794922;20
466001;0.023863792419433594;20
466501;0.023966550827026367;20
467001;0.024068832397460938;20
467501;0.023930072784423828;20
468001;0.023931264877319336;20
468501;0.023901939392089844;20
469001;0.024099349975585938;20
469501;0.02398371696472168;20
470001;0.023990154266357422;20
470501;0.024007081985473633;20
471001;0.024017333984375;20
471501;0.024042844772338867;20
472001;0.02411627769470215;20
472501;0.024059057235717773;20
473001;0.024096965789794922;20
473501;0.024122953414916992;20
474001;0.024135828018188477;20
474501;0.024179697036743164;20
475001;0.024188995361328125;20
475501;0.023921966552734375;20
476001;0.023960590362548828;20
476501;0.02407383918762207;20
477001;0.024033546447753906;20
477501;0.024057388305664062;20
478001;0.024045467376708984;20
478501;0.024104595184326172;20
479001;0.02423882484436035;20
479501;0.024051666259765625;20
480001;0.024082183837890625;20
480501;0.024219274520874023;20
481001;0.024158477783203125;20
481501;0.02413201332092285;20
482001;0.024144887924194336;20
482501;0.024199962615966797;20
483001;0.0242307186126709;20
483501;0.02428436279296875;20
484001;0.024369239807128906;20
484501;0.024264097213745117;20
485001;0.024275541305541992;20
485501;0.02428722381591797;20
486001;0.02433013916015625;20
486501;0.02430248260498047;20
487001;0.024385690689086914;20
487501;0.02440476417541504;20
488001;0.024391651153564453;20
488501;0.0243990421295166;20
489001;0.02436661720275879;20
489501;0.02443218231201172;20
490001;0.02445054054260254;20
490501;0.0244443416595459;20
491001;0.024523496627807617;20
491501;0.02449178695678711;20
492001;0.024457931518554688;20
492501;0.024572134017944336;20
493001;0.024521350860595703;20
493501;0.024603843688964844;20
494001;0.02462458610534668;20
494501;0.024676084518432617;20
495001;0.02472543716430664;20
495501;0.024786710739135742;20
496001;0.02482318878173828;20
496501;0.024690628051757812;20
497001;0.024681568145751953;20
497501;0.024704694747924805;20
498001;0.024764537811279297;20
498501;0.02471780776977539;20
499001;0.02472233772277832;20
499501;0.024769306182861328;20
500001;0.02486562728881836;20
500501;0.02483344078063965;20
501001;0.02482891082763672;20
501501;0.0247957706451416;20
502001;0.024784326553344727;20
502501;0.024876117706298828;20
503001;0.02488541603088379;20
503501;0.0249326229095459;20
504001;0.024964332580566406;20
504501;0.02496504783630371;20
505001;0.025008201599121094;20
505501;0.025033235549926758;20
506001;0.025101661682128906;20
506501;0.0250546932220459;20
507001;0.024953842163085938;20
507501;0.025060653686523438;20
508001;0.02525806427001953;20
508501;0.02529621124267578;20
509001;0.025319337844848633;20
509501;0.02547478675842285;20
510001;0.0253756046295166;20
510501;0.025599956512451172;20
511001;0.025429248809814453;20
511501;0.025421619415283203;20
512001;0.025448083877563477;20
512501;0.025481462478637695;20
513001;0.02552175521850586;20
513501;0.025507450103759766;20
514001;0.02557516098022461;20
514501;0.02556610107421875;20
515001;0.02556157112121582;20
515501;0.025565385818481445;20
516001;0.02556157112121582;20
516501;0.02562546730041504;20
517001;0.025644302368164062;20
517501;0.0257110595703125;20
518001;0.02574467658996582;20
518501;0.02577352523803711;20
519001;0.025768756866455078;20
519501;0.025731325149536133;20
520001;0.02582383155822754;20
520501;0.02578592300415039;20
521001;0.02581644058227539;20
521501;0.025789499282836914;20
522001;0.025833606719970703;20
522501;0.02608036994934082;20
523001;0.02582097053527832;20
523501;0.025935888290405273;20
524001;0.025897741317749023;20
524501;0.025667428970336914;20
525001;0.025754690170288086;20
525501;0.02573394775390625;20
526001;0.02575969696044922;20
526501;0.02585434913635254;20
527001;0.02578282356262207;20
527501;0.02575969696044922;20
528001;0.025823593139648438;20
528501;0.025869131088256836;20
529001;0.025800228118896484;20
529501;0.025803327560424805;20
530001;0.02584218978881836;20
530501;0.02582573890686035;20
531001;0.02597641944885254;20
531501;0.026055574417114258;20
532001;0.026116132736206055;20
532501;0.02592754364013672;20
533001;0.02598881721496582;20
533501;0.026144981384277344;20
534001;0.02599954605102539;20
534501;0.026039838790893555;20
535001;0.026000499725341797;20
535501;0.026040077209472656;20
536001;0.02608656883239746;20
536501;0.026120662689208984;20
537001;0.026126623153686523;20
537501;0.02613973617553711;20
538001;0.026181936264038086;20
538501;0.026172399520874023;20
539001;0.02626347541809082;20
539501;0.02616095542907715;20
540001;0.02622056007385254;20
540501;0.026255130767822266;20
541001;0.02624058723449707;20
541501;0.026319026947021484;20
542001;0.02624058723449707;20
542501;0.02628612518310547;20
543001;0.026308059692382812;20
543501;0.02648186683654785;20
544001;0.02626967430114746;20
544501;0.026325225830078125;20
545001;0.02634739875793457;20
545501;0.026354312896728516;20
546001;0.026386499404907227;20
546501;0.026412248611450195;20
547001;0.026354074478149414;20
547501;0.026417016983032227;20
548001;0.02654242515563965;20
548501;0.026502132415771484;20
549001;0.026475191116333008;20
549501;0.026513099670410156;20
550001;0.026625871658325195;20
550501;0.02662515640258789;20
551001;0.02658820152282715;20
551501;0.026612281799316406;20
552001;0.02660846710205078;20
552501;0.026639461517333984;20
553001;0.026615381240844727;20
553501;0.02666759490966797;20
554001;0.026641368865966797;20
554501;0.02668476104736328;20
555001;0.026698827743530273;20
555501;0.02664470672607422;20
556001;0.0267484188079834;20
556501;0.02677321434020996;20
557001;0.026738882064819336;20
557501;0.02714228630065918;20
558001;0.027071475982666016;20
558501;0.027207374572753906;20
559001;0.027152061462402344;20
559501;0.027124881744384766;20
560001;0.027197837829589844;20
560501;0.02718210220336914;20
561001;0.0272066593170166;20
561501;0.027253389358520508;20
562001;0.027333498001098633;20
562501;0.027260541915893555;20
563001;0.027254104614257812;20
563501;0.02729964256286621;20
564001;0.02739691734313965;20
564501;0.02726912498474121;20
565001;0.027352571487426758;20
565501;0.02736210823059082;20
566001;0.027524232864379883;20
566501;0.02740478515625;20
567001;0.02744150161743164;20
567501;0.027393817901611328;20
568001;0.027471542358398438;20
568501;0.027587175369262695;20
569001;0.027492046356201172;20
569501;0.027449607849121094;20
570001;0.027529239654541016;20
570501;0.027607202529907227;20
571001;0.02776169776916504;20
571501;0.027567386627197266;20
572001;0.02757716178894043;20
572501;0.027602672576904297;20
573001;0.02758312225341797;20
573501;0.027391433715820312;20
574001;0.02747178077697754;20
574501;0.027378320693969727;20
575001;0.027419090270996094;20
575501;0.027452707290649414;20
576001;0.027505159378051758;20
576501;0.02769327163696289;20
577001;0.027612924575805664;20
577501;0.027643680572509766;20
578001;0.02759075164794922;20
578501;0.027579545974731445;20
579001;0.027688264846801758;20
579501;0.027605533599853516;20
580001;0.027815818786621094;20
580501;0.02765512466430664;20
581001;0.0277252197265625;20
581501;0.027822256088256836;20
582001;0.02780461311340332;20
582501;0.027716636657714844;20
583001;0.027759790420532227;20
583501;0.027790307998657227;20
584001;0.027771711349487305;20
584501;0.027798175811767578;20
585001;0.027843236923217773;20
585501;0.027808427810668945;20
586001;0.02796006202697754;20
586501;0.027850627899169922;20
587001;0.02784895896911621;20
587501;0.027937889099121094;20
588001;0.028025150299072266;20
588501;0.027996540069580078;20
589001;0.02797222137451172;20
589501;0.027943134307861328;20
590001;0.027951717376708984;20
590501;0.027968645095825195;20
591001;0.02793288230895996;20
591501;0.027946949005126953;20
592001;0.027980327606201172;20
592501;0.0280153751373291;20
593001;0.027933597564697266;20
593501;0.028029680252075195;20
594001;0.02818465232849121;20
594501;0.028080224990844727;20
595001;0.02817678451538086;20
595501;0.02811717987060547;20
596001;0.028200864791870117;20
596501;0.028167724609375;20
597001;0.028164148330688477;20
597501;0.028179168701171875;20
598001;0.02837061882019043;20
598501;0.02826213836669922;20
599001;0.028287649154663086;20
599501;0.028267383575439453;20
600001;0.0283052921295166;20
600501;0.028299570083618164;20
601001;0.028272151947021484;20
601501;0.028348922729492188;20
602001;0.028324127197265625;20
602501;0.02840423583984375;20
603001;0.028407812118530273;20
603501;0.02846837043762207;20
604001;0.028625965118408203;20
604501;0.028498172760009766;20
605001;0.028501272201538086;20
605501;0.028508663177490234;20
606001;0.028513431549072266;20
606501;0.028858184814453125;20
607001;0.02881598472595215;20
607501;0.028877735137939453;20
608001;0.028937339782714844;20
608501;0.028889179229736328;20
609001;0.028951644897460938;20
609501;0.028937578201293945;20
610001;0.028950214385986328;20
610501;0.029065370559692383;20
611001;0.02900862693786621;20
611501;0.02899789810180664;20
612001;0.02907705307006836;20
612501;0.02911090850830078;20
613001;0.02896404266357422;20
613501;0.029059648513793945;20
614001;0.029240846633911133;20
614501;0.02904987335205078;20
615001;0.029191970825195312;20
615501;0.029166221618652344;20
616001;0.029288053512573242;20
616501;0.029169797897338867;20
617001;0.029241561889648438;20
617501;0.02926921844482422;20
618001;0.029230356216430664;20
618501;0.02917337417602539;20
619001;0.029284954071044922;20
619501;0.02924513816833496;20
620001;0.0294797420501709;20
620501;0.02941298484802246;20
621001;0.02937602996826172;20
621501;0.029465913772583008;20
622001;0.029370546340942383;20
622501;0.029356956481933594;20
623001;0.029115915298461914;20
623501;0.0291595458984375;20
624001;0.02913641929626465;20
624501;0.02914571762084961;20
625001;0.02931523323059082;20
625501;0.029161930084228516;20
626001;0.02917194366455078;20
626501;0.02922821044921875;20
627001;0.029230356216430664;20
627501;0.02922654151916504;20
628001;0.02932429313659668;20
628501;0.0293424129486084;20
629001;0.029336214065551758;20
629501;0.029332637786865234;20
630001;0.02952742576599121;20
630501;0.029353618621826172;20
631001;0.029373645782470703;20
631501;0.0293886661529541;20
632001;0.029451847076416016;20
632501;0.029504060745239258;20
633001;0.029395341873168945;20
633501;0.029470205307006836;20
634001;0.029456615447998047;20
634501;0.029542207717895508;20
635001;0.02949357032775879;20
635501;0.02957320213317871;20
636001;0.029530763626098633;20
636501;0.029547929763793945;20
637001;0.029582977294921875;20
637501;0.029586076736450195;20
638001;0.029650449752807617;20
638501;0.029743671417236328;20
639001;0.02959918975830078;20
639501;0.029647111892700195;20
640001;0.02980184555053711;20
640501;0.02967047691345215;20
641001;0.029685020446777344;20
641501;0.02968430519104004;20
642001;0.029750823974609375;20
642501;0.029718875885009766;20
643001;0.029746532440185547;20
643501;0.029874324798583984;20
644001;0.02976083755493164;20
644501;0.029808759689331055;20
645001;0.03000664710998535;20
645501;0.029832839965820312;20
646001;0.029825687408447266;20
646501;0.02988409996032715;20
647001;0.029880285263061523;20
647501;0.029901981353759766;20
648001;0.030006885528564453;20
648501;0.02992391586303711;20
649001;0.03004169464111328;20
649501;0.029967069625854492;20
650001;0.03009796142578125;20
650501;0.030039548873901367;20
651001;0.03002142906188965;20
651501;0.030121564865112305;20
652001;0.030239105224609375;20
652501;0.030130624771118164;20
653001;0.030081987380981445;20
653501;0.03020930290222168;20
654001;0.030161142349243164;20
654501;0.030122756958007812;20
655001;0.030287504196166992;20
655501;0.03056788444519043;20
656001;0.030540943145751953;20
656501;0.030637025833129883;20
657001;0.030742883682250977;20
657501;0.03081798553466797;20
658001;0.030631542205810547;20
658501;0.030558347702026367;20
659001;0.03063821792602539;20
659501;0.030771493911743164;20
660001;0.030712366104125977;20
660501;0.030728578567504883;20
661001;0.03498435020446777;20
661501;0.030840158462524414;20
662001;0.03077220916748047;20
662501;0.030760765075683594;20
663001;0.0308077335357666;20
663501;0.030787229537963867;20
664001;0.03088831901550293;20
664501;0.030837535858154297;20
665001;0.030996084213256836;20
665501;0.030945539474487305;20
666001;0.03090834617614746;20
666501;0.031003475189208984;20
667001;0.031038761138916016;20
667501;0.03096938133239746;20
668001;0.03110504150390625;20
668501;0.03105616569519043;20
669001;0.03109598159790039;20
669501;0.031110286712646484;20
670001;0.03107166290283203;20
670501;0.031058073043823242;20
671001;0.031147241592407227;20
671501;0.031138181686401367;20
672001;0.030911684036254883;20
672501;0.030918121337890625;20
673001;0.030788898468017578;20
673501;0.030956029891967773;20
674001;0.030872344970703125;20
674501;0.030874252319335938;20
675001;0.030869245529174805;20
675501;0.030985116958618164;20
676001;0.03092813491821289;20
676501;0.03096604347229004;20
677001;0.0310060977935791;20
677501;0.031009912490844727;20
678001;0.03104710578918457;20
678501;0.031042814254760742;20
679001;0.031092166900634766;20
679501;0.03102731704711914;20
680001;0.031147480010986328;20
680501;0.031078338623046875;20
681001;0.03112626075744629;20
681501;0.03113865852355957;20
682001;0.031140565872192383;20
682501;0.031090497970581055;20
683001;0.031220436096191406;20
683501;0.03125429153442383;20
684001;0.031183481216430664;20
684501;0.03139042854309082;20
685001;0.031170129776000977;20
685501;0.031302452087402344;20
686001;0.031223297119140625;20
686501;0.03136420249938965;20
687001;0.03130149841308594;20
687501;0.03133869171142578;20
688001;0.03138327598571777;20
688501;0.03139185905456543;20
689001;0.03151249885559082;20
689501;0.03133559226989746;20
690001;0.03143811225891113;20
690501;0.03149127960205078;20
691001;0.031476736068725586;20
691501;0.0314788818359375;20
692001;0.031453847885131836;20
692501;0.03148984909057617;20
693001;0.031491756439208984;20
693501;0.03159737586975098;20
694001;0.03152298927307129;20
694501;0.03157377243041992;20
695001;0.0315546989440918;20
695501;0.031581878662109375;20
696001;0.03160715103149414;20
696501;0.03163599967956543;20
697001;0.031633615493774414;20
697501;0.03176379203796387;20
698001;0.0316162109375;20
698501;0.03179049491882324;20
699001;0.03173255920410156;20
699501;0.03174948692321777;20
700001;0.03178143501281738;20
700501;0.031684160232543945;20
701001;0.031815290451049805;20
701501;0.03190898895263672;20
702001;0.031778812408447266;20
702501;0.03197908401489258;20
703001;0.03182077407836914;20
703501;0.031857967376708984;20
704001;0.031868934631347656;20
704501;0.03189802169799805;20
705001;0.03233933448791504;20
705501;0.03235888481140137;20
706001;0.032509565353393555;20
706501;0.03233695030212402;20
707001;0.032351016998291016;20
707501;0.03236961364746094;20
708001;0.03246712684631348;20
708501;0.03239631652832031;20
709001;0.0324862003326416;20
709501;0.03237104415893555;20
710001;0.032494306564331055;20
710501;0.03256702423095703;20
711001;0.032505035400390625;20
711501;0.03257489204406738;20
712001;0.03264021873474121;20
712501;0.03261375427246094;20
713001;0.03261137008666992;20
713501;0.0326542854309082;20
714001;0.032590389251708984;20
714501;0.03269147872924805;20
715001;0.032729387283325195;20
715501;0.03276968002319336;20
716001;0.0344545841217041;20
716501;0.032711029052734375;20
717001;0.03272056579589844;20
717501;0.03277325630187988;20
718001;0.032784223556518555;20
718501;0.03281259536743164;20
719001;0.03280186653137207;20
719501;0.03279566764831543;20
720001;0.03293609619140625;20
720501;0.03282928466796875;20
721001;0.032647132873535156;20
721501;0.03272128105163574;20
722001;0.0326998233795166;20
722501;0.03269457817077637;20
723001;0.03267526626586914;20
723501;0.03278493881225586;20
724001;0.032768964767456055;20
724501;0.03279519081115723;20
725001;0.03286266326904297;20
725501;0.03281235694885254;20
726001;0.03277921676635742;20
726501;0.032798051834106445;20
727001;0.03291010856628418;20
727501;0.0329132080078125;20
728001;0.03289604187011719;20
728501;0.03287792205810547;20
729001;0.032928466796875;20
729501;0.033144474029541016;20
730001;0.03299975395202637;20
730501;0.03297853469848633;20
731001;0.032943010330200195;20
731501;0.03300809860229492;20
732001;0.03303360939025879;20
732501;0.0331273078918457;20
733001;0.03300142288208008;20
733501;0.03303408622741699;20
734001;0.03311634063720703;20
734501;0.033141374588012695;20
735001;0.03317523002624512;20
735501;0.03319191932678223;20
736001;0.03327345848083496;20
736501;0.03316760063171387;20
737001;0.03324079513549805;20
737501;0.033106327056884766;20
738001;0.03307986259460449;20
738501;0.03305649757385254;20
739001;0.03304100036621094;20
739501;0.033100128173828125;20
740001;0.03310704231262207;20
740501;0.033100128173828125;20
741001;0.03320646286010742;20
741501;0.033211469650268555;20
742001;0.033180952072143555;20
742501;0.03318047523498535;20
743001;0.033298492431640625;20
743501;0.03333759307861328;20
744001;0.033272504806518555;20
744501;0.033255815505981445;20
745001;0.033330678939819336;20
745501;0.03329300880432129;20
746001;0.03334927558898926;20
746501;0.03332328796386719;20
747001;0.03338813781738281;20
747501;0.033357858657836914;20
748001;0.03339076042175293;20
748501;0.03338170051574707;20
749001;0.03345751762390137;20
749501;0.03345966339111328;20
750001;0.033509254455566406;20
750501;0.033545494079589844;20
751001;0.03354501724243164;20
751501;0.033512115478515625;20
752001;0.03361392021179199;20
752501;0.03351950645446777;20
753001;0.03365159034729004;20
753501;0.03361201286315918;20
754001;0.03402352333068848;20
754501;0.0340421199798584;20
755001;0.03404068946838379;20
755501;0.03411746025085449;20
756001;0.03406834602355957;20
756501;0.03422188758850098;20
757001;0.03413200378417969;20
757501;0.03414201736450195;20
758001;0.034200191497802734;20
758501;0.03434133529663086;20
759001;0.03420400619506836;20
759501;0.03420448303222656;20
760001;0.03420662879943848;20
760501;0.03427457809448242;20
761001;0.03426003456115723;20
761501;0.03429889678955078;20
762001;0.034308433532714844;20
762501;0.034433603286743164;20
763001;0.03441596031188965;20
763501;0.03444075584411621;20
764001;0.03448295593261719;20
764501;0.03446817398071289;20
765001;0.03446650505065918;20
765501;0.03439950942993164;20
766001;0.03447270393371582;20
766501;0.03452420234680176;20
767001;0.03453540802001953;20
767501;0.034569740295410156;20
768001;0.034580230712890625;20
768501;0.034522294998168945;20
769001;0.03455781936645508;20
769501;0.03463411331176758;20
770001;0.03458571434020996;20
770501;0.03417396545410156;20
771001;0.03421640396118164;20
771501;0.034186601638793945;20
772001;0.03424549102783203;20
772501;0.034258127212524414;20
773001;0.03445076942443848;20
773501;0.03448057174682617;20
774001;0.034398794174194336;20
774501;0.03436541557312012;20
775001;0.03441810607910156;20
775501;0.034422874450683594;20
776001;0.0344538688659668;20
776501;0.034409523010253906;20
777001;0.03449106216430664;20
777501;0.0344843864440918;20
778001;0.034483909606933594;20
778501;0.034624338150024414;20
779001;0.034531354904174805;20
779501;0.03457164764404297;20
780001;0.03458046913146973;20
780501;0.0347905158996582;20
781001;0.03454470634460449;20
781501;0.034635066986083984;20
782001;0.03464818000793457;20
782501;0.03460574150085449;20
783001;0.034664154052734375;20
783501;0.03467822074890137;20
784001;0.03492569923400879;20
784501;0.03492999076843262;20
785001;0.03479146957397461;20
785501;0.034790992736816406;20
786001;0.03476762771606445;20
786501;0.0347592830657959;20
787001;0.03472399711608887;20
787501;0.03479337692260742;20
788001;0.03474998474121094;20
788501;0.034905195236206055;20
789001;0.03486752510070801;20
789501;0.034945011138916016;20
790001;0.034806013107299805;20
790501;0.03489041328430176;20
791001;0.034879207611083984;20
791501;0.03503918647766113;20
792001;0.034926414489746094;20
792501;0.03493809700012207;20
793001;0.035001516342163086;20
793501;0.03503727912902832;20
794001;0.034995317459106445;20
794501;0.035063982009887695;20
795001;0.03508758544921875;20
795501;0.03510618209838867;20
796001;0.03507256507873535;20
796501;0.03516221046447754;20
797001;0.03514266014099121;20
797501;0.03511857986450195;20
798001;0.035239458084106445;20
798501;0.035155296325683594;20
799001;0.03521561622619629;20
799501;0.03516650199890137;20
800001;0.03529024124145508;20
800501;0.0352630615234375;20
801001;0.0352473258972168;20
801501;0.035311222076416016;20
802001;0.035346269607543945;20
802501;0.03529691696166992;20
803001;0.0357816219329834;20
803501;0.036023616790771484;20
804001;0.035709381103515625;20
804501;0.03578782081604004;20
805001;0.03585553169250488;20
805501;0.03583025932312012;20
806001;0.03586578369140625;20
806501;0.035921335220336914;20
807001;0.035917043685913086;20
807501;0.03592109680175781;20
808001;0.03606390953063965;20
808501;0.03596973419189453;20
809001;0.035883426666259766;20
809501;0.035997629165649414;20
810001;0.035988569259643555;20
810501;0.03617286682128906;20
811001;0.036046504974365234;20
811501;0.03601479530334473;20
812001;0.03622031211853027;20
812501;0.03608345985412598;20
813001;0.036089420318603516;20
813501;0.0361177921295166;20
814001;0.03612804412841797;20
814501;0.03617358207702637;20
815001;0.03621101379394531;20
815501;0.03619694709777832;20
816001;0.03623223304748535;20
816501;0.03622317314147949;20
817001;0.036219120025634766;20
817501;0.03633379936218262;20
818001;0.03629636764526367;20
818501;0.036286354064941406;20
819001;0.03632616996765137;20
819501;0.03593897819519043;20
820001;0.03599071502685547;20
820501;0.03599238395690918;20
821001;0.03600645065307617;20
821501;0.03610563278198242;20
822001;0.03600263595581055;20
822501;0.03623056411743164;20
823001;0.03607678413391113;20
823501;0.03616189956665039;20
824001;0.03617048263549805;20
824501;0.0360417366027832;20
825001;0.03624296188354492;20
825501;0.036158084869384766;20
826001;0.0361940860748291;20
826501;0.036224365234375;20
827001;0.03624105453491211;20
827501;0.03626823425292969;20
828001;0.03629136085510254;20
828501;0.036281585693359375;20
829001;0.03634953498840332;20
829501;0.03631162643432617;20
830001;0.03633880615234375;20
830501;0.03638339042663574;20
831001;0.03647661209106445;20
831501;0.03637361526489258;20
832001;0.03641033172607422;20
832501;0.03639793395996094;20
833001;0.036466121673583984;20
833501;0.03641319274902344;20
834001;0.036459922790527344;20
834501;0.03650999069213867;20
835001;0.03659462928771973;20
835501;0.036510467529296875;20
836001;0.036496639251708984;20
836501;0.0364077091217041;20
837001;0.036512136459350586;20
837501;0.036425113677978516;20
838001;0.03651285171508789;20
838501;0.03653597831726074;20
839001;0.036553382873535156;20
839501;0.036591529846191406;20
840001;0.036687374114990234;20
840501;0.03664422035217285;20
841001;0.03664088249206543;20
841501;0.03665804862976074;20
842001;0.036690473556518555;20
842501;0.036664485931396484;20
843001;0.03697013854980469;20
843501;0.03668022155761719;20
844001;0.03679394721984863;20
844501;0.03673887252807617;20
845001;0.03693819046020508;20
845501;0.036818504333496094;20
846001;0.0369415283203125;20
846501;0.03684043884277344;20
847001;0.036824941635131836;20
847501;0.036840200424194336;20
848001;0.03692507743835449;20
848501;0.03688216209411621;20
849001;0.03712034225463867;20
849501;0.036896467208862305;20
850001;0.03704071044921875;20
850501;0.037084341049194336;20
851001;0.03697371482849121;20
851501;0.03704953193664551;20
852001;0.037487030029296875;20
852501;0.0375218391418457;20
853001;0.03753209114074707;20
853501;0.037543296813964844;20
854001;0.037583351135253906;20
854501;0.03756546974182129;20
855001;0.037781715393066406;20
855501;0.0376744270324707;20
856001;0.03760695457458496;20
856501;0.03775358200073242;20
857001;0.03764677047729492;20
857501;0.037644147872924805;20
858001;0.037758827209472656;20
858501;0.03773212432861328;20
859001;0.03774070739746094;20
859501;0.03777313232421875;20
860001;0.03772902488708496;20
860501;0.03790402412414551;20
861001;0.037798404693603516;20
861501;0.03785419464111328;20
862001;0.03776836395263672;20
862501;0.037862300872802734;20
863001;0.037832021713256836;20
863501;0.037847042083740234;20
864001;0.03792381286621094;20
864501;0.03798222541809082;20
865001;0.03789997100830078;20
865501;0.037972211837768555;20
866001;0.03799772262573242;20
866501;0.0380244255065918;20
867001;0.0380101203918457;20
867501;0.03808188438415527;20
868001;0.03804349899291992;20
868501;0.03763747215270996;20
869001;0.037706613540649414;20
869501;0.03760647773742676;20
870001;0.03778982162475586;20
870501;0.03768754005432129;20
871001;0.03774619102478027;20
871501;0.037694692611694336;20
872001;0.037896156311035156;20
872501;0.037743330001831055;20
873001;0.03780722618103027;20
873501;0.03779935836791992;20
874001;0.037897586822509766;20
874501;0.03784656524658203;20
875001;0.037865638732910156;20
875501;0.037946462631225586;20
876001;0.03799271583557129;20
876501;0.0379481315612793;20
877001;0.037896156311035156;20
877501;0.037976980209350586;20
878001;0.037899017333984375;20
878501;0.03805685043334961;20
879001;0.03829622268676758;20
879501;0.03807950019836426;20
880001;0.038016319274902344;20
880501;0.03821206092834473;20
881001;0.03806924819946289;20
881501;0.038092851638793945;20
882001;0.03809070587158203;20
882501;0.038123369216918945;20
883001;0.038140058517456055;20
883501;0.038156986236572266;20
884001;0.03814435005187988;20
884501;0.03818917274475098;20
885001;0.03818869590759277;20
885501;0.03816580772399902;20
886001;0.03826737403869629;20
886501;0.038245201110839844;20
887001;0.03827714920043945;20
887501;0.03825807571411133;20
888001;0.038315773010253906;20
888501;0.0382845401763916;20
889001;0.03833651542663574;20
889501;0.03834652900695801;20
890001;0.03836989402770996;20
890501;0.03833794593811035;20
891001;0.03857278823852539;20
891501;0.03841400146484375;20
892001;0.038414955139160156;20
892501;0.03840970993041992;20
893001;0.03847169876098633;20
893501;0.03850984573364258;20
894001;0.038462162017822266;20
894501;0.03852272033691406;20
895001;0.0386660099029541;20
895501;0.038485050201416016;20
896001;0.038609981536865234;20
896501;0.038619041442871094;20
897001;0.03859543800354004;20
897501;0.03862881660461426;20
898001;0.038556575775146484;20
898501;0.03865480422973633;20
899001;0.038693904876708984;20
899501;0.038800716400146484;20
900001;0.038646697998046875;20
900501;0.038836002349853516;20
901001;0.03877878189086914;20
901501;0.039215087890625;20
902001;0.03937578201293945;20
902501;0.039252519607543945;20
903001;0.039345741271972656;20
903501;0.039282798767089844;20
904001;0.03946566581726074;20
904501;0.03930997848510742;20
905001;0.03940773010253906;20
905501;0.03942298889160156;20
906001;0.03934669494628906;20
906501;0.03949546813964844;20
907001;0.03941178321838379;20
907501;0.039435386657714844;20
908001;0.039440155029296875;20
908501;0.03949904441833496;20
909001;0.03952503204345703;20
909501;0.03952980041503906;20
910001;0.03965115547180176;20
910501;0.03958845138549805;20
911001;0.039528608322143555;20
911501;0.039758920669555664;20
912001;0.039632320404052734;20
912501;0.03966379165649414;20
913001;0.039621829986572266;20
913501;0.03967571258544922;20
914001;0.039687395095825195;20
914501;0.03963303565979004;20
915001;0.03965568542480469;20
915501;0.03972291946411133;20
916001;0.03986477851867676;20
916501;0.0397188663482666;20
917001;0.03984880447387695;20
917501;0.03978133201599121;20
918001;0.03933095932006836;20
918501;0.03935050964355469;20
919001;0.039472103118896484;20
919501;0.03945636749267578;20
920001;0.03948545455932617;20
920501;0.03939509391784668;20
921001;0.039398908615112305;20
921501;0.03946542739868164;20
922001;0.03955364227294922;20
922501;0.03961968421936035;20
923001;0.03955793380737305;20
923501;0.03953719139099121;20
924001;0.039551734924316406;20
924501;0.03966856002807617;20
925001;0.039637088775634766;20
925501;0.03960919380187988;20
926001;0.03965950012207031;20
926501;0.03967928886413574;20
927001;0.039736032485961914;20
927501;0.03982830047607422;20
928001;0.039716482162475586;20
928501;0.03979063034057617;20
929001;0.03977394104003906;20
929501;0.03983807563781738;20
930001;0.03984975814819336;20
930501;0.03987002372741699;20
931001;0.03981447219848633;20
931501;0.0398564338684082;20
932001;0.039978981018066406;20
932501;0.0399019718170166;20
933001;0.03988480567932129;20
933501;0.03998446464538574;20
934001;0.0399019718170166;20
934501;0.0399317741394043;20
935001;0.03998541831970215;20
935501;0.03997349739074707;20
936001;0.039949893951416016;20
936501;0.03998732566833496;20
937001;0.04001450538635254;20
937501;0.04001355171203613;20
938001;0.04015636444091797;20
938501;0.03999972343444824;20
939001;0.04006838798522949;20
939501;0.04003572463989258;20
940001;0.04009270668029785;20
940501;0.0400843620300293;20
941001;0.04004025459289551;20
941501;0.04019618034362793;20
942001;0.04013419151306152;20
942501;0.040216922760009766;20
943001;0.040315866470336914;20
943501;0.04023456573486328;20
944001;0.04018545150756836;20
944501;0.04023432731628418;20
945001;0.04019522666931152;20
945501;0.04035305976867676;20
946001;0.040291547775268555;20
946501;0.040369272232055664;20
947001;0.040346622467041016;20
947501;0.04032444953918457;20
948001;0.04034543037414551;20
948501;0.040334224700927734;20
949001;0.04058361053466797;20
949501;0.040461063385009766;20
950001;0.04046320915222168;20
950501;0.04094290733337402;20
951001;0.04101085662841797;20
951501;0.040953636169433594;20
952001;0.04101133346557617;20
952501;0.04102945327758789;20
953001;0.04109907150268555;20
953501;0.04110002517700195;20
954001;0.04106569290161133;20
954501;0.041049957275390625;20
955001;0.041083574295043945;20
955501;0.04126548767089844;20
956001;0.041110992431640625;20
956501;0.041182518005371094;20
957001;0.041182756423950195;20
957501;0.04120063781738281;20
958001;0.04117631912231445;20
958501;0.04125404357910156;20
959001;0.0412745475769043;20
959501;0.04124736785888672;20
960001;0.0414423942565918;20
960501;0.0413360595703125;20
961001;0.04143166542053223;20
961501;0.04132485389709473;20
962001;0.04138302803039551;20
962501;0.04131054878234863;20
963001;0.0413510799407959;20
963501;0.04143810272216797;20
964001;0.041359901428222656;20
964501;0.04142427444458008;20
965001;0.0414278507232666;20
965501;0.041596412658691406;20
966001;0.041536808013916016;20
966501;0.041538238525390625;20
967001;0.04116630554199219;20
967501;0.041118621826171875;20
968001;0.041251182556152344;20
968501;0.04111814498901367;20
969001;0.04122471809387207;20
969501;0.041246652603149414;20
970001;0.04124140739440918;20
970501;0.041231632232666016;20
971001;0.04140949249267578;20
971501;0.04125356674194336;20
972001;0.04133725166320801;20
972501;0.04130125045776367;20
973001;0.04136347770690918;20
973501;0.04136943817138672;20
974001;0.04143238067626953;20
974501;0.04140758514404297;20
975001;0.04154706001281738;20
975501;0.041410207748413086;20
976001;0.041541337966918945;20
976501;0.041634559631347656;20
977001;0.04155278205871582;20
977501;0.04159998893737793;20
978001;0.04165840148925781;20
978501;0.04171609878540039;20
979001;0.04153800010681152;20
979501;0.041559696197509766;20
980001;0.04159259796142578;20
980501;0.04162716865539551;20
981001;0.04157400131225586;20
981501;0.041614532470703125;20
982001;0.041655540466308594;20
982501;0.04161858558654785;20
983001;0.04169511795043945;20
983501;0.0416722297668457;20
984001;0.0416262149810791;20
984501;0.041550397872924805;20
985001;0.041626930236816406;20
985501;0.041586875915527344;20
986001;0.0416407585144043;20
986501;0.04165148735046387;20
987001;0.04173922538757324;20
987501;0.041734933853149414;20
988001;0.041875600814819336;20
988501;0.04179859161376953;20
989001;0.04182767868041992;20
989501;0.0418245792388916;20
990001;0.04181861877441406;20
990501;0.041823625564575195;20
991001;0.04188942909240723;20
991501;0.041806936264038086;20
992001;0.0418548583984375;20
992501;0.041930198669433594;20
993001;0.04204416275024414;20
993501;0.04191946983337402;20
994001;0.041953325271606445;20
994501;0.04207658767700195;20
995001;0.04197072982788086;20
995501;0.0421144962310791;20
996001;0.0420222282409668;20
996501;0.04208111763000488;20
997001;0.04216599464416504;20
997501;0.04222822189331055;20
998001;0.04222607612609863;20
998501;0.04218101501464844;20
999001;0.04233074188232422;20
999501;0.04283642768859863;20
